,train_r2,test_r2
et,0.043944582607569282,0.02010609634840288
rf,0.044424453268898323,0.022893662484192889
