,train_r2,test_r2
linear,0.014911434613814389,0.023009355077768134
poly,0.039928081869397669,0.015256230411708094
rbf,0.014948867073607874,0.022853633015638253
sigmoid,0.014171714731290086,0.024102656444236703
