,train_r2,test_r2
et,0.22895431138458089,-0.056826365921981203
rf,0.1555536924028661,0.01493366400021956
